First Name,LastName,Email
Ramanan,Amirthalingam,ramanan@gmail.com
sarveswaran,Kengatharaiyer,sarveswaran@gmail.com
Thabotharan,Kathirvel,thabotharan@gmail.com
Architha,Kanagaratnam,architha3@gmail.com
Kasthuri,Ratnasingam,kasthurri@gmail.com
Sobika,Tharmakulasingam,sobbika@gmail.com
Architha,Kanagaraja,archihtha@gmail.com
Renuka,somasundaram,renuu2@gmail.com
Sanjeevan,Ragenthiran,sanjeevan@gmail.com
